{
  "Author": "GiR-Zippo, Meowchestra, MoogleTroupe",
  "Name": "HypnotoadPlugin",
  "InternalName": "HypnotoadPlugin",
  "AssemblyVersion": "0.0.1.11",
  "Description": "BardMusicPlayer & LightAmp companion for enhanced functionality.",
  "ApplicableVersion": "any",
  "Tags": [
    "BardMusicPlayer",
    "LightAmp",
    "BMP",
    "Midi",
    "Bard",
    "Doot"
  ],
  "DalamudApiLevel": 8,
  "LoadRequiredState": 0,
  "LoadSync": false,
  "CanUnloadAsync": false,
  "LoadPriority": 0,
  "Punchline": "BardMusicPlayer & LightAmp companion for enhanced functionality.",
  "AcceptsFeedback": true
}